{
    "enabled": true,
    "anti_spam": {
        "enabled": true,
        "max_messages": 5,
        "time_window": 10,
        "punishment": "mute"
    },
    "anti_caps": {
        "enabled": true,
        "caps_threshold": 70,
        "min_length": 10,
        "punishment": "warn"
    },
    "anti_invite": {
        "enabled": true,
        "whitelist": [],
        "punishment": "delete"
    },
    "bad_words": {
        "enabled": true,
        "words": [
            "spam",
            "scam",
            "fuck"
        ],
        "punishment": "warn"
    },
    "anti_mention": {
        "enabled": true,
        "max_mentions": 5,
        "punishment": "warn"
    },
    "link_filter": {
        "enabled": false,
        "whitelist": [
            "discord.gg",
            "youtube.com",
            "github.com"
        ],
        "punishment": "delete"
    }
}