{
    "enabled": true,
    "reminder_time": "21:00",
    "staff_roles": ["PygStaff.in ♡", "Moderator", "Admin"],
    "report_channel": null,
    "summary_channel": null,
    "report_template": {
        "questions": [
            "What tasks did you complete today?",
            "Any issues or concerns to report?",
            "Goals for tomorrow?",
            "Additional comments (optional)"
        ]
    },
    "auto_summary": true,
    "reminder_message": "🌙 Daily staff report reminder! रात 9 बजे - कृपया अपनी दैनिक रिपोर्ट जमा करें। Please submit your daily report using `!report` command.",
    "notification_settings": {
        "send_dm": true,
        "send_channel_notification": true,
        "reminder_hours_before": [2, 1],
        "follow_up_after_minutes": 30
    }
}